workflow,run,seed,planned_makespan,sim_makespan,makespan_rel_err_pct,planned_cost,sim_cost,cost_rel_err_pct
Montage_25,HEFT-schedule,0,35.422034,35.520000,0.277,109.182000,110.268000,0.995
Montage_25,MinMin-schedule,0,41.929718,41.619000,-0.741,109.426500,110.364450,0.857
Montage_25,LIWSA-chosen,1,35.275712,35.686000,1.163,106.047000,107.039400,0.936
Montage_25,NSGA-II-chosen,1,35.275725,50.596000,43.430,104.491500,105.331050,0.803
Montage_25,LIWSA-chosen,2,35.275725,40.993000,16.207,104.491500,105.378750,0.849
Montage_25,NSGA-II-chosen,2,35.350887,45.376000,28.359,104.491500,105.424650,0.893
Montage_25,LIWSA-chosen,3,35.130805,35.541000,1.168,106.047000,107.039400,0.936
Montage_25,NSGA-II-chosen,3,35.275712,35.686000,1.163,107.623500,108.631500,0.937
Montage_25,LIWSA-chosen,4,35.275712,35.686000,1.163,106.068000,107.107200,0.980
Montage_25,NSGA-II-chosen,4,35.275712,35.686000,1.163,106.068000,107.107200,0.980
Montage_25,LIWSA-chosen,5,35.275712,35.686000,1.163,106.068000,107.107200,0.980
Montage_25,NSGA-II-chosen,5,35.190725,45.267500,28.635,104.491500,105.424200,0.893
Montage_50,HEFT-schedule,0,55.577901,71.090500,27.911,254.155500,256.044750,0.743
Montage_50,MinMin-schedule,0,78.407991,78.248500,-0.203,265.705500,267.631200,0.725
Montage_50,LIWSA-chosen,1,50.497047,82.893500,64.155,242.341500,244.091550,0.722
Montage_50,NSGA-II-chosen,1,55.577901,71.463500,28.583,247.834500,249.487800,0.667
Montage_50,LIWSA-chosen,2,55.536726,71.569000,28.868,247.432500,249.130950,0.686
Montage_50,NSGA-II-chosen,2,52.360436,77.809500,48.604,234.028500,235.653300,0.694
Montage_50,LIWSA-chosen,3,55.577901,71.087500,27.906,247.405500,249.055050,0.667
Montage_50,NSGA-II-chosen,3,55.577901,71.585500,28.802,244.251000,245.985000,0.710
Montage_50,LIWSA-chosen,4,55.577901,71.174500,28.063,248.997000,250.755450,0.706
Montage_50,NSGA-II-chosen,4,55.558739,71.419000,28.547,244.234500,245.925750,0.692
Montage_50,LIWSA-chosen,5,55.577901,71.286500,28.264,250.984500,252.851850,0.744
Montage_50,NSGA-II-chosen,5,55.577901,71.249000,28.197,250.606500,252.425550,0.726
Montage_100,HEFT-schedule,0,107.691479,101.902000,-5.376,547.947000,551.902275,0.722
Montage_100,MinMin-schedule,0,159.754941,160.278000,0.327,574.101000,578.560875,0.777
Montage_100,LIWSA-chosen,1,102.592519,103.639000,1.020,541.593000,545.571525,0.735
Montage_100,NSGA-II-chosen,1,102.057548,139.231500,36.425,527.724000,531.588975,0.732
Montage_100,LIWSA-chosen,2,101.996507,112.853000,10.644,538.812000,542.455425,0.676
Montage_100,NSGA-II-chosen,2,102.506479,103.605000,1.072,541.560000,545.581050,0.742
Montage_100,LIWSA-chosen,3,102.093199,112.265000,9.963,543.529500,547.638525,0.756
Montage_100,NSGA-II-chosen,3,102.101507,103.545500,1.414,543.190500,547.176825,0.734
Montage_100,LIWSA-chosen,4,101.997548,108.719000,6.590,549.934500,553.981275,0.736
Montage_100,NSGA-II-chosen,4,103.376507,144.992000,40.256,529.941000,533.613300,0.693
Montage_100,LIWSA-chosen,5,102.796507,108.995000,6.030,543.463500,547.683825,0.777
Montage_100,NSGA-II-chosen,5,101.921507,103.363500,1.415,546.370500,550.371825,0.732
CyberShake_30,HEFT-schedule,0,130.034266,379.100000,191.539,358.134000,834.611700,133.045
CyberShake_30,MinMin-schedule,0,235.400466,459.108000,95.033,383.382000,862.039200,124.851
CyberShake_30,LIWSA-chosen,1,130.034266,382.201000,193.923,353.835000,828.243900,134.076
CyberShake_30,NSGA-II-chosen,1,130.034266,384.766500,195.896,352.690500,825.070650,133.936
CyberShake_30,LIWSA-chosen,2,130.034266,384.195000,195.457,353.503500,828.029100,134.235
CyberShake_30,NSGA-II-chosen,2,130.034266,384.110000,195.391,353.503500,828.029400,134.235
CyberShake_30,LIWSA-chosen,3,130.034266,384.110000,195.391,353.503500,828.029400,134.235
CyberShake_30,NSGA-II-chosen,3,130.034266,383.430000,194.868,353.503500,828.029400,134.235
CyberShake_30,LIWSA-chosen,4,130.034266,384.875000,195.980,353.503500,828.029100,134.235
CyberShake_30,NSGA-II-chosen,4,130.034266,384.110000,195.391,353.503500,828.029400,134.235
CyberShake_30,LIWSA-chosen,5,130.034266,384.500000,195.691,353.503500,828.029400,134.235
CyberShake_30,NSGA-II-chosen,5,130.034266,382.881000,194.446,354.048000,828.456900,133.996
CyberShake_50,HEFT-schedule,0,156.376049,404.404000,158.610,742.499550,1669.673775,124.872
CyberShake_50,MinMin-schedule,0,262.576754,498.952500,90.022,784.623900,1712.847450,118.302
CyberShake_50,LIWSA-chosen,1,156.376049,405.919000,159.579,741.425550,1668.599625,125.053
CyberShake_50,NSGA-II-chosen,1,156.376049,405.524000,159.326,741.673050,1668.846825,125.011
CyberShake_50,LIWSA-chosen,2,156.376049,405.874000,159.550,741.287550,1669.579050,125.227
CyberShake_50,NSGA-II-chosen,2,156.376049,407.029000,160.289,741.196050,1668.370200,125.092
CyberShake_50,LIWSA-chosen,3,156.376049,406.319000,159.835,741.256050,1668.522150,125.094
CyberShake_50,NSGA-II-chosen,3,156.376049,405.044000,159.019,740.765550,1668.123900,125.189
CyberShake_50,LIWSA-chosen,4,156.376049,405.474000,159.294,741.313050,1668.487350,125.072
CyberShake_50,NSGA-II-chosen,4,156.376049,404.369000,158.588,741.161550,1668.335775,125.097
CyberShake_50,LIWSA-chosen,5,156.376049,404.404000,158.610,741.214050,1668.388800,125.089
CyberShake_50,NSGA-II-chosen,5,156.376049,406.394000,159.883,740.903550,1668.078150,125.141
CyberShake_100,HEFT-schedule,0,243.322692,512.226000,110.513,1637.139000,3183.585375,94.460
CyberShake_100,MinMin-schedule,0,644.117817,715.258500,11.045,1704.244500,3249.838875,90.691
CyberShake_100,LIWSA-chosen,1,243.322692,512.226000,110.513,1637.139000,3183.585375,94.460
CyberShake_100,NSGA-II-chosen,1,243.322692,512.226000,110.513,1636.903500,3183.350325,94.474
CyberShake_100,LIWSA-chosen,2,243.322692,512.226000,110.513,1637.139000,3183.585375,94.460
CyberShake_100,NSGA-II-chosen,2,243.322692,512.226000,110.513,1637.139000,3183.585375,94.460
CyberShake_100,LIWSA-chosen,3,242.816200,545.687000,124.733,1645.359000,3190.948575,93.936
CyberShake_100,NSGA-II-chosen,3,243.322692,512.226000,110.513,1636.951500,3183.398175,94.471
CyberShake_100,LIWSA-chosen,4,243.322692,512.226000,110.513,1636.941000,3183.387675,94.472
CyberShake_100,NSGA-II-chosen,4,243.322692,512.226000,110.513,1637.139000,3183.585375,94.460
CyberShake_100,LIWSA-chosen,5,243.322692,512.226000,110.513,1637.139000,3183.585375,94.460
CyberShake_100,NSGA-II-chosen,5,243.322692,512.226000,110.513,1636.975500,3183.422475,94.470
Sipht_30,HEFT-schedule,0,2204.460500,2206.994000,0.115,2498.976300,2501.319300,0.094
Sipht_30,MinMin-schedule,0,3429.170930,3433.702500,0.132,2865.554700,2868.654150,0.108
Sipht_30,LIWSA-chosen,1,2204.460500,2206.994000,0.115,2495.900250,2498.036850,0.086
Sipht_30,NSGA-II-chosen,1,2204.460500,2206.994000,0.115,2495.900250,2497.990500,0.084
Sipht_30,LIWSA-chosen,2,2204.460500,2206.994000,0.115,2495.900250,2497.893300,0.080
Sipht_30,NSGA-II-chosen,2,2204.460500,2206.994000,0.115,2495.900250,2497.895100,0.080
Sipht_30,LIWSA-chosen,3,2204.460500,2206.994000,0.115,2496.861300,2499.191850,0.093
Sipht_30,NSGA-II-chosen,3,2204.460500,2206.994000,0.115,2495.900250,2498.083650,0.087
Sipht_30,LIWSA-chosen,4,2204.460500,2206.994000,0.115,2495.900250,2498.086350,0.088
Sipht_30,NSGA-II-chosen,4,2204.460500,2206.994000,0.115,2496.082200,2498.468250,0.096
Sipht_30,LIWSA-chosen,5,2204.460500,2206.994000,0.115,2495.900250,2498.075100,0.087
Sipht_30,NSGA-II-chosen,5,2204.460500,2206.994000,0.115,2495.900250,2498.173200,0.091
Sipht_60,HEFT-schedule,0,2319.860500,2322.358000,0.108,5279.583300,5283.436800,0.073
Sipht_60,MinMin-schedule,0,3833.836098,3838.092500,0.111,6222.267450,6226.388925,0.066
Sipht_60,LIWSA-chosen,1,2319.860500,2322.358000,0.108,5259.231750,5263.090650,0.073
Sipht_60,NSGA-II-chosen,1,2319.860500,2322.358000,0.108,5251.757250,5255.564475,0.072
Sipht_60,LIWSA-chosen,2,2319.860500,2322.358000,0.108,5251.132650,5254.942800,0.073
Sipht_60,NSGA-II-chosen,2,2319.860500,2322.358000,0.108,5251.036650,5256.248250,0.099
Sipht_60,LIWSA-chosen,3,2319.860500,2322.358000,0.108,5251.021650,5254.747650,0.071
Sipht_60,NSGA-II-chosen,3,2319.860500,2322.358000,0.108,5251.182900,5256.338100,0.098
Sipht_60,LIWSA-chosen,4,2319.860500,2322.358000,0.108,5251.286100,5255.062050,0.072
Sipht_60,NSGA-II-chosen,4,2319.860500,2322.358000,0.108,5251.215000,5254.950150,0.071
Sipht_60,LIWSA-chosen,5,2319.860500,2322.358000,0.108,5251.227750,5255.045550,0.073
Sipht_60,NSGA-II-chosen,5,2319.860500,2322.358000,0.108,5251.232850,5256.425850,0.099
Sipht_100,HEFT-schedule,0,2350.894836,2350.094500,-0.034,8303.288850,8309.031450,0.069
Sipht_100,MinMin-schedule,0,3770.774430,3773.853500,0.082,9368.714850,9375.520875,0.073
Sipht_100,LIWSA-chosen,1,2350.894836,2352.704000,0.077,8259.082500,8264.744775,0.069
Sipht_100,NSGA-II-chosen,1,2350.894836,2352.595000,0.072,8257.692600,8263.526775,0.071
Sipht_100,LIWSA-chosen,2,2350.894836,2353.589000,0.115,8257.285800,8262.956175,0.069
Sipht_100,NSGA-II-chosen,2,2350.894836,2353.341500,0.104,8255.688150,8261.380650,0.069
Sipht_100,LIWSA-chosen,3,2350.894836,2353.435000,0.108,8257.780200,8263.535925,0.070
Sipht_100,NSGA-II-chosen,3,2350.894836,2353.335000,0.104,8256.401850,8262.173475,0.070
Sipht_100,LIWSA-chosen,4,2350.894836,2352.191500,0.055,8257.037400,8262.876600,0.071
Sipht_100,NSGA-II-chosen,4,2350.894836,2353.651000,0.117,8254.535550,8261.702400,0.087
Sipht_100,LIWSA-chosen,5,2350.894836,2351.550000,0.028,8255.920500,8261.455050,0.067
Sipht_100,NSGA-II-chosen,5,2350.894836,2351.338000,0.019,8254.564950,8260.375275,0.070
Epigenomics_24,HEFT-schedule,0,3193.139902,3208.453000,0.480,8340.202500,8384.617950,0.533
Epigenomics_24,MinMin-schedule,0,4837.748632,4852.383500,0.303,8586.844500,8631.257700,0.517
Epigenomics_24,LIWSA-chosen,1,3181.686586,4236.569000,33.155,8337.886500,8383.628550,0.549
Epigenomics_24,NSGA-II-chosen,1,3181.686586,4238.159500,33.205,8337.886500,8383.381350,0.546
Epigenomics_24,LIWSA-chosen,2,3181.686586,4418.566500,38.875,8337.886500,8383.790400,0.551
Epigenomics_24,NSGA-II-chosen,2,3182.935053,3200.423000,0.549,8338.773000,8384.138400,0.544
Epigenomics_24,LIWSA-chosen,3,3187.645421,3202.377500,0.462,8337.886500,8383.415550,0.546
Epigenomics_24,NSGA-II-chosen,3,3181.686586,3200.267000,0.584,8337.886500,8383.236900,0.544
Epigenomics_24,LIWSA-chosen,4,3186.492729,4417.412000,38.629,8338.375500,8384.027100,0.547
Epigenomics_24,NSGA-II-chosen,4,3181.686586,3200.266500,0.584,8337.886500,8382.947250,0.540
Epigenomics_24,LIWSA-chosen,5,3183.614262,3204.012000,0.641,8337.886500,8383.126350,0.543
Epigenomics_24,NSGA-II-chosen,5,3183.614262,3202.577500,0.596,8337.886500,8383.952100,0.552
Epigenomics_46,HEFT-schedule,0,5139.802780,5155.882500,0.313,20847.849000,20908.397700,0.290
Epigenomics_46,MinMin-schedule,0,9869.190762,9884.225000,0.152,22571.901000,22637.117550,0.289
Epigenomics_46,LIWSA-chosen,1,5139.271079,7512.590500,46.180,20844.213000,20906.325000,0.298
Epigenomics_46,NSGA-II-chosen,1,5133.137289,5733.849500,11.703,20276.952000,20333.743875,0.280
Epigenomics_46,LIWSA-chosen,2,5136.530839,7605.978500,48.076,20122.444500,20180.261550,0.287
Epigenomics_46,NSGA-II-chosen,2,5139.802780,5155.881000,0.313,19717.074000,19768.792800,0.262
Epigenomics_46,LIWSA-chosen,3,5138.909138,5481.222000,6.661,19714.858500,19767.733500,0.268
Epigenomics_46,NSGA-II-chosen,3,5138.377184,8786.516500,70.998,19833.529500,19886.188500,0.266
Epigenomics_46,LIWSA-chosen,4,5139.802780,6306.088500,22.691,20125.689000,20183.854125,0.289
Epigenomics_46,NSGA-II-chosen,4,5135.209138,8901.786000,73.348,20180.388000,20238.275250,0.287
Epigenomics_46,LIWSA-chosen,5,5139.802780,8115.219000,57.890,20285.751000,20342.535750,0.280
Epigenomics_46,NSGA-II-chosen,5,5135.380478,5155.355000,0.389,20064.864000,20122.401900,0.287
Epigenomics_100,HEFT-schedule,0,35500.948536,35569.007500,0.192,208520.515500,208791.030750,0.130
Epigenomics_100,MinMin-schedule,0,61831.066679,61898.181500,0.109,217156.306500,217447.685400,0.134
Epigenomics_100,LIWSA-chosen,1,35500.948536,43265.416000,21.871,208520.157000,208790.815575,0.130
Epigenomics_100,NSGA-II-chosen,1,35500.700410,50742.662000,42.934,208519.498500,208790.518650,0.130
Epigenomics_100,LIWSA-chosen,2,35500.552997,57811.231500,62.846,208519.666500,208790.741550,0.130
Epigenomics_100,NSGA-II-chosen,2,35500.872973,57361.981000,61.579,206983.876500,207254.674350,0.131
Epigenomics_100,LIWSA-chosen,3,35500.948536,57813.644000,62.851,208520.152500,208790.827500,0.130
Epigenomics_100,NSGA-II-chosen,3,35500.948536,50622.912000,42.596,206982.697500,207253.768800,0.131
Epigenomics_100,LIWSA-chosen,4,35500.948536,35569.007500,0.192,208520.515500,208791.030750,0.130
Epigenomics_100,NSGA-II-chosen,4,34560.993082,60463.587000,74.947,207992.343000,208263.505050,0.130
Epigenomics_100,LIWSA-chosen,5,35500.872973,49098.622500,38.303,208519.323000,208790.564850,0.130
Epigenomics_100,NSGA-II-chosen,5,35500.184974,58919.035000,65.968,206785.704000,207056.907600,0.131
Inspiral_30,HEFT-schedule,0,743.898725,744.895000,0.134,3281.010000,3283.352400,0.071
Inspiral_30,MinMin-schedule,0,1190.676520,1191.282000,0.051,3435.166500,3437.510400,0.068
Inspiral_30,LIWSA-chosen,1,732.333720,736.713000,0.598,3233.881500,3236.869350,0.092
Inspiral_30,NSGA-II-chosen,1,732.331657,745.513000,1.800,3271.485000,3274.543200,0.093
Inspiral_30,LIWSA-chosen,2,734.962919,748.143000,1.793,3225.553500,3228.671700,0.097
Inspiral_30,NSGA-II-chosen,2,732.333720,742.649000,1.409,3274.846500,3277.546800,0.082
Inspiral_30,LIWSA-chosen,3,732.331657,736.638000,0.588,3234.913500,3237.496500,0.080
Inspiral_30,NSGA-II-chosen,3,735.216657,741.883000,0.907,3271.408500,3274.923450,0.107
Inspiral_30,LIWSA-chosen,4,734.962919,745.279000,1.404,3272.944500,3275.822700,0.088
Inspiral_30,NSGA-II-chosen,4,732.333720,739.213000,0.939,3233.839500,3236.700600,0.088
Inspiral_30,LIWSA-chosen,5,740.649815,744.922000,0.577,3271.434000,3274.361250,0.089
Inspiral_30,NSGA-II-chosen,5,732.333720,741.592500,1.264,3232.278000,3235.038900,0.085
Inspiral_50,HEFT-schedule,0,1032.989024,1034.205000,0.118,5890.791000,5895.218700,0.075
Inspiral_50,MinMin-schedule,0,2326.664770,2327.276000,0.026,6423.943500,6427.189500,0.051
Inspiral_50,LIWSA-chosen,1,1024.168454,1096.517000,7.064,5878.921500,5883.869925,0.084
Inspiral_50,NSGA-II-chosen,1,1032.989024,1034.010500,0.099,5872.687500,5877.708900,0.086
Inspiral_50,LIWSA-chosen,2,1023.990224,1034.428500,1.019,5874.751500,5879.700750,0.084
Inspiral_50,NSGA-II-chosen,2,1023.838422,1043.813500,1.951,5880.109500,5885.108250,0.085
Inspiral_50,LIWSA-chosen,3,1032.987253,1034.203000,0.118,5884.470000,5889.107550,0.079
Inspiral_50,NSGA-II-chosen,3,1026.678422,1027.909000,0.120,5867.127000,5872.426650,0.090
Inspiral_50,LIWSA-chosen,4,1023.837444,1034.619000,1.053,5878.206000,5882.997450,0.082
Inspiral_50,NSGA-II-chosen,4,1032.989024,1034.274500,0.124,5876.409000,5881.359450,0.084
Inspiral_50,LIWSA-chosen,5,1023.838422,1034.588000,1.050,5877.879000,5882.984100,0.087
Inspiral_50,NSGA-II-chosen,5,1026.260698,1034.619000,0.814,5881.860000,5886.635700,0.081
Inspiral_100,HEFT-schedule,0,2103.138370,2284.999500,8.647,10689.340500,10696.623300,0.068
Inspiral_100,MinMin-schedule,0,3254.147845,3254.968000,0.025,11056.188000,11064.793575,0.078
Inspiral_100,LIWSA-chosen,1,1849.025702,2037.369500,10.186,10615.986000,10623.836850,0.074
Inspiral_100,NSGA-II-chosen,1,1742.042401,3192.201000,83.245,10123.275000,10131.935925,0.086
Inspiral_100,LIWSA-chosen,2,1767.857662,2207.186500,24.851,10713.670500,10721.499900,0.073
Inspiral_100,NSGA-II-chosen,2,1797.045495,2876.632000,60.076,10165.207500,10174.028700,0.087
Inspiral_100,LIWSA-chosen,3,1887.180622,2248.791500,19.161,10533.261000,10541.905050,0.082
Inspiral_100,NSGA-II-chosen,3,1784.232894,2003.493500,12.289,10474.095000,10482.364800,0.079
Inspiral_100,LIWSA-chosen,4,1834.825239,2750.236000,49.891,10393.908000,10402.064850,0.078
Inspiral_100,NSGA-II-chosen,4,1773.293231,2644.376500,49.122,10187.622000,10195.876950,0.081
Inspiral_100,LIWSA-chosen,5,1755.335974,1950.382000,11.112,10642.318500,10650.666975,0.078
Inspiral_100,NSGA-II-chosen,5,1803.895805,2544.000000,41.028,10053.801000,10061.432475,0.076
