workflow,config,seed,generations,search_ms,front_size,hypervolume
Montage_25,LIWSA-ML_100gen,1,100,16,2,437.6628
Montage_25,NSGA-II_100gen,1,100,0,30,433.2752
Montage_25,LIWSA-ML_100gen,2,100,15,3,428.3945
Montage_25,NSGA-II_100gen,2,100,21,30,430.8783
Montage_25,LIWSA-ML_100gen,3,100,11,5,432.7116
Montage_25,NSGA-II_100gen,3,100,16,30,433.4859
Montage_25,LIWSA-ML_100gen,4,100,20,4,427.8112
Montage_25,NSGA-II_100gen,4,100,4,30,420.6396
Montage_25,LIWSA-ML_100gen,5,100,16,2,435.5399
Montage_25,NSGA-II_100gen,5,100,0,30,435.4948
Montage_25,NSGA-II_matchedTime,1,181,14,30,433.2752
Montage_25,NSGA-II_matchedTime,2,181,16,30,431.3215
Montage_25,NSGA-II_matchedTime,3,181,16,30,433.4859
Montage_25,NSGA-II_matchedTime,4,181,16,30,433.0448
Montage_25,NSGA-II_matchedTime,5,181,16,30,435.4948
Montage_50,LIWSA-ML_100gen,1,100,36,7,4219.7232
Montage_50,NSGA-II_100gen,1,100,11,30,4200.4211
Montage_50,LIWSA-ML_100gen,2,100,32,7,3930.6028
Montage_50,NSGA-II_100gen,2,100,0,30,4811.8817
Montage_50,LIWSA-ML_100gen,3,100,30,14,4019.2050
Montage_50,NSGA-II_100gen,3,100,14,30,3880.5689
Montage_50,LIWSA-ML_100gen,4,100,31,8,4075.0705
Montage_50,NSGA-II_100gen,4,100,33,30,3983.8003
Montage_50,LIWSA-ML_100gen,5,100,43,8,3983.4815
Montage_50,NSGA-II_100gen,5,100,19,30,4017.5053
Montage_50,NSGA-II_matchedTime,1,270,21,30,4864.0201
Montage_50,NSGA-II_matchedTime,2,270,31,30,4862.0287
Montage_50,NSGA-II_matchedTime,3,270,34,30,4392.6440
Montage_50,NSGA-II_matchedTime,4,270,28,30,4472.2220
Montage_50,NSGA-II_matchedTime,5,270,31,30,4522.1569
Montage_100,LIWSA-ML_100gen,1,100,59,12,19745.6975
Montage_100,NSGA-II_100gen,1,100,24,30,16860.8954
Montage_100,LIWSA-ML_100gen,2,100,57,20,18250.9968
Montage_100,NSGA-II_100gen,2,100,8,30,17938.7674
Montage_100,LIWSA-ML_100gen,3,100,48,17,18560.7470
Montage_100,NSGA-II_100gen,3,100,19,30,17416.6583
Montage_100,LIWSA-ML_100gen,4,100,44,19,18821.5964
Montage_100,NSGA-II_100gen,4,100,19,30,17597.0027
Montage_100,LIWSA-ML_100gen,5,100,43,14,19273.4136
Montage_100,NSGA-II_100gen,5,100,20,30,17420.9204
Montage_100,NSGA-II_matchedTime,1,283,50,30,18639.7410
Montage_100,NSGA-II_matchedTime,2,283,55,30,20552.4746
Montage_100,NSGA-II_matchedTime,3,283,67,30,19186.6308
Montage_100,NSGA-II_matchedTime,4,283,65,30,20019.5998
Montage_100,NSGA-II_matchedTime,5,283,47,30,18774.4688
CyberShake_30,LIWSA-ML_100gen,1,100,17,2,17768.7050
CyberShake_30,NSGA-II_100gen,1,100,17,30,17845.9421
CyberShake_30,LIWSA-ML_100gen,2,100,17,11,17838.5314
CyberShake_30,NSGA-II_100gen,2,100,17,30,17834.9586
CyberShake_30,LIWSA-ML_100gen,3,100,14,2,17768.7050
CyberShake_30,NSGA-II_100gen,3,100,18,30,17837.6138
CyberShake_30,LIWSA-ML_100gen,4,100,16,9,17821.9001
CyberShake_30,NSGA-II_100gen,4,100,17,30,17836.4517
CyberShake_30,LIWSA-ML_100gen,5,100,17,10,17837.9006
CyberShake_30,NSGA-II_100gen,5,100,15,30,17832.3952
CyberShake_30,NSGA-II_matchedTime,1,162,17,30,17845.9776
CyberShake_30,NSGA-II_matchedTime,2,162,16,30,17837.5544
CyberShake_30,NSGA-II_matchedTime,3,162,16,30,17840.6007
CyberShake_30,NSGA-II_matchedTime,4,162,17,30,17840.5412
CyberShake_30,NSGA-II_matchedTime,5,162,17,26,17833.7361
CyberShake_50,LIWSA-ML_100gen,1,100,32,6,39908.7921
CyberShake_50,NSGA-II_100gen,1,100,17,30,39279.8773
CyberShake_50,LIWSA-ML_100gen,2,100,33,16,40065.9948
CyberShake_50,NSGA-II_100gen,2,100,11,30,39283.2806
CyberShake_50,LIWSA-ML_100gen,3,100,33,13,39876.3969
CyberShake_50,NSGA-II_100gen,3,100,14,30,38644.7567
CyberShake_50,LIWSA-ML_100gen,4,100,33,2,42869.5339
CyberShake_50,NSGA-II_100gen,4,100,15,30,39298.1611
CyberShake_50,LIWSA-ML_100gen,5,100,16,12,39146.7918
CyberShake_50,NSGA-II_100gen,5,100,0,30,38633.4142
CyberShake_50,NSGA-II_matchedTime,1,148,27,30,39351.0862
CyberShake_50,NSGA-II_matchedTime,2,148,28,30,39391.0545
CyberShake_50,NSGA-II_matchedTime,3,148,28,30,39457.7951
CyberShake_50,NSGA-II_matchedTime,4,148,24,30,39409.2369
CyberShake_50,NSGA-II_matchedTime,5,148,20,30,39331.8092
CyberShake_100,LIWSA-ML_100gen,1,100,62,22,298401.5787
CyberShake_100,NSGA-II_100gen,1,100,16,30,278900.6583
CyberShake_100,LIWSA-ML_100gen,2,100,81,14,303737.6173
CyberShake_100,NSGA-II_100gen,2,100,24,30,285043.2550
CyberShake_100,LIWSA-ML_100gen,3,100,52,20,299976.6025
CyberShake_100,NSGA-II_100gen,3,100,33,30,276996.8673
CyberShake_100,LIWSA-ML_100gen,4,100,49,14,304127.6709
CyberShake_100,NSGA-II_100gen,4,100,37,30,269658.5406
CyberShake_100,LIWSA-ML_100gen,5,100,60,23,299578.4580
CyberShake_100,NSGA-II_100gen,5,100,21,30,281538.0999
CyberShake_100,NSGA-II_matchedTime,1,212,53,30,282579.9103
CyberShake_100,NSGA-II_matchedTime,2,212,68,30,287444.5967
CyberShake_100,NSGA-II_matchedTime,3,212,64,30,283410.9410
CyberShake_100,NSGA-II_matchedTime,4,212,58,30,282188.5974
CyberShake_100,NSGA-II_matchedTime,5,212,59,30,289156.5483
Sipht_30,LIWSA-ML_100gen,1,100,18,2,1801195.3180
Sipht_30,NSGA-II_100gen,1,100,16,30,1801195.3428
Sipht_30,LIWSA-ML_100gen,2,100,17,2,1801195.1904
Sipht_30,NSGA-II_100gen,2,100,5,30,1801195.3428
Sipht_30,LIWSA-ML_100gen,3,100,27,2,1801195.1569
Sipht_30,NSGA-II_100gen,3,100,10,30,1801195.3428
Sipht_30,LIWSA-ML_100gen,4,100,29,4,1801195.2522
Sipht_30,NSGA-II_100gen,4,100,11,30,1801195.3140
Sipht_30,LIWSA-ML_100gen,5,100,17,2,1801195.3140
Sipht_30,NSGA-II_100gen,5,100,12,1,1801195.3428
Sipht_30,NSGA-II_matchedTime,1,274,19,30,1801195.3428
Sipht_30,NSGA-II_matchedTime,2,274,19,30,1801195.3428
Sipht_30,NSGA-II_matchedTime,3,274,18,30,1801195.3428
Sipht_30,NSGA-II_matchedTime,4,274,20,30,1801195.3428
Sipht_30,NSGA-II_matchedTime,5,274,16,30,1801195.3428
Sipht_60,LIWSA-ML_100gen,1,100,31,3,5053436.9799
Sipht_60,NSGA-II_100gen,1,100,13,15,5052442.5520
Sipht_60,LIWSA-ML_100gen,2,100,30,3,5053439.9486
Sipht_60,NSGA-II_100gen,2,100,26,30,5053440.2446
Sipht_60,LIWSA-ML_100gen,3,100,39,5,5053439.3920
Sipht_60,NSGA-II_100gen,3,100,12,5,5053072.4755
Sipht_60,LIWSA-ML_100gen,4,100,36,4,5053439.7047
Sipht_60,NSGA-II_100gen,4,100,16,30,5053440.1378
Sipht_60,LIWSA-ML_100gen,5,100,38,4,5053438.9400
Sipht_60,NSGA-II_100gen,5,100,0,6,5053440.2147
Sipht_60,NSGA-II_matchedTime,1,343,32,30,5053440.2453
Sipht_60,NSGA-II_matchedTime,2,343,48,30,5053440.2453
Sipht_60,NSGA-II_matchedTime,3,343,31,30,5053440.2453
Sipht_60,NSGA-II_matchedTime,4,343,32,30,5053440.2453
Sipht_60,NSGA-II_matchedTime,5,343,31,30,5053440.2453
Sipht_100,LIWSA-ML_100gen,1,100,49,21,7349268.7039
Sipht_100,NSGA-II_100gen,1,100,18,29,7309539.8099
Sipht_100,LIWSA-ML_100gen,2,100,47,19,7355416.5485
Sipht_100,NSGA-II_100gen,2,100,17,10,7343554.6394
Sipht_100,LIWSA-ML_100gen,3,100,50,14,7348185.8612
Sipht_100,NSGA-II_100gen,3,100,17,5,7252012.8721
Sipht_100,LIWSA-ML_100gen,4,100,47,27,7349261.0370
Sipht_100,NSGA-II_100gen,4,100,16,7,7321032.3917
Sipht_100,LIWSA-ML_100gen,5,100,53,17,7360473.9230
Sipht_100,NSGA-II_100gen,5,100,17,3,7345239.1670
Sipht_100,NSGA-II_matchedTime,1,251,48,30,7350151.7211
Sipht_100,NSGA-II_matchedTime,2,251,44,30,7350138.7397
Sipht_100,NSGA-II_matchedTime,3,251,49,9,7350402.1825
Sipht_100,NSGA-II_matchedTime,4,251,60,30,7350402.4951
Sipht_100,NSGA-II_matchedTime,5,251,48,30,7350402.4952
Epigenomics_24,LIWSA-ML_100gen,1,100,15,3,6036212.0792
Epigenomics_24,NSGA-II_100gen,1,100,0,30,6038056.3300
Epigenomics_24,LIWSA-ML_100gen,2,100,0,3,6036272.5460
Epigenomics_24,NSGA-II_100gen,2,100,7,30,6037610.7688
Epigenomics_24,LIWSA-ML_100gen,3,100,17,2,6038064.4038
Epigenomics_24,NSGA-II_100gen,3,100,7,30,6040067.9693
Epigenomics_24,LIWSA-ML_100gen,4,100,16,5,6037586.6606
Epigenomics_24,NSGA-II_100gen,4,100,8,30,6038512.1151
Epigenomics_24,LIWSA-ML_100gen,5,100,18,3,6037260.4675
Epigenomics_24,NSGA-II_100gen,5,100,7,30,6036277.5277
Epigenomics_24,NSGA-II_matchedTime,1,193,15,30,6038503.4374
Epigenomics_24,NSGA-II_matchedTime,2,193,16,30,6040067.9693
Epigenomics_24,NSGA-II_matchedTime,3,193,16,30,6040067.9693
Epigenomics_24,NSGA-II_matchedTime,4,193,18,30,6040067.9693
Epigenomics_24,NSGA-II_matchedTime,5,193,14,30,6040067.9693
Epigenomics_46,LIWSA-ML_100gen,1,100,32,21,55849447.4718
Epigenomics_46,NSGA-II_100gen,1,100,13,30,55905732.7924
Epigenomics_46,LIWSA-ML_100gen,2,100,26,23,55710154.8076
Epigenomics_46,NSGA-II_100gen,2,100,12,30,55862221.3446
Epigenomics_46,LIWSA-ML_100gen,3,100,24,19,55939775.0596
Epigenomics_46,NSGA-II_100gen,3,100,16,30,55765802.8912
Epigenomics_46,LIWSA-ML_100gen,4,100,20,22,55822942.6274
Epigenomics_46,NSGA-II_100gen,4,100,13,30,55805541.3842
Epigenomics_46,LIWSA-ML_100gen,5,100,19,13,55807480.6512
Epigenomics_46,NSGA-II_100gen,5,100,18,30,55829325.1494
Epigenomics_46,NSGA-II_matchedTime,1,192,23,30,55949908.5799
Epigenomics_46,NSGA-II_matchedTime,2,192,16,30,55884953.2185
Epigenomics_46,NSGA-II_matchedTime,3,192,32,26,55892578.0188
Epigenomics_46,NSGA-II_matchedTime,4,192,26,30,55810246.3251
Epigenomics_46,NSGA-II_matchedTime,5,192,22,30,55836192.8594
Epigenomics_100,LIWSA-ML_100gen,1,100,63,29,5945538476.8673
Epigenomics_100,NSGA-II_100gen,1,100,16,30,5675569275.7822
Epigenomics_100,LIWSA-ML_100gen,2,100,50,30,5942570695.7778
Epigenomics_100,NSGA-II_100gen,2,100,29,30,5851822301.7362
Epigenomics_100,LIWSA-ML_100gen,3,100,46,30,5946087935.1739
Epigenomics_100,NSGA-II_100gen,3,100,28,30,5722895370.4451
Epigenomics_100,LIWSA-ML_100gen,4,100,47,28,5936822384.0402
Epigenomics_100,NSGA-II_100gen,4,100,16,30,5890727774.5262
Epigenomics_100,LIWSA-ML_100gen,5,100,63,30,5959891185.0757
Epigenomics_100,NSGA-II_100gen,5,100,16,30,5712347000.1437
Epigenomics_100,NSGA-II_matchedTime,1,265,51,30,5960023236.5716
Epigenomics_100,NSGA-II_matchedTime,2,265,41,30,5954335121.6420
Epigenomics_100,NSGA-II_matchedTime,3,265,66,30,5960199486.3461
Epigenomics_100,NSGA-II_matchedTime,4,265,51,30,6004738925.8250
Epigenomics_100,NSGA-II_matchedTime,5,265,53,30,5848193137.8594
Inspiral_30,LIWSA-ML_100gen,1,100,20,11,742415.7210
Inspiral_30,NSGA-II_100gen,1,100,8,30,767782.2953
Inspiral_30,LIWSA-ML_100gen,2,100,15,12,764436.5107
Inspiral_30,NSGA-II_100gen,2,100,16,30,763980.6162
Inspiral_30,LIWSA-ML_100gen,3,100,20,14,751204.1693
Inspiral_30,NSGA-II_100gen,3,100,10,30,767519.2493
Inspiral_30,LIWSA-ML_100gen,4,100,16,16,755852.3410
Inspiral_30,NSGA-II_100gen,4,100,0,30,768207.1536
Inspiral_30,LIWSA-ML_100gen,5,100,16,14,758621.7055
Inspiral_30,NSGA-II_100gen,5,100,11,30,767648.9420
Inspiral_30,NSGA-II_matchedTime,1,197,19,30,768421.2243
Inspiral_30,NSGA-II_matchedTime,2,197,24,30,771620.1659
Inspiral_30,NSGA-II_matchedTime,3,197,12,30,771639.0469
Inspiral_30,NSGA-II_matchedTime,4,197,24,30,770444.6268
Inspiral_30,NSGA-II_matchedTime,5,197,23,30,768137.8090
Inspiral_50,LIWSA-ML_100gen,1,100,21,29,4043120.7980
Inspiral_50,NSGA-II_100gen,1,100,3,29,4068065.6490
Inspiral_50,LIWSA-ML_100gen,2,100,33,23,4050160.3498
Inspiral_50,NSGA-II_100gen,2,100,0,30,4068454.2327
Inspiral_50,LIWSA-ML_100gen,3,100,31,25,4041051.2903
Inspiral_50,NSGA-II_100gen,3,100,24,30,3984025.6590
Inspiral_50,LIWSA-ML_100gen,4,100,28,23,4073223.7179
Inspiral_50,NSGA-II_100gen,4,100,12,30,4031691.9567
Inspiral_50,LIWSA-ML_100gen,5,100,29,25,4024072.2704
Inspiral_50,NSGA-II_100gen,5,100,0,30,4058937.9021
Inspiral_50,NSGA-II_matchedTime,1,236,25,30,4095923.1449
Inspiral_50,NSGA-II_matchedTime,2,236,22,30,4097783.2817
Inspiral_50,NSGA-II_matchedTime,3,236,32,30,4090279.2313
Inspiral_50,NSGA-II_matchedTime,4,236,26,30,4098365.8755
Inspiral_50,NSGA-II_matchedTime,5,236,15,30,4098158.7978
Inspiral_100,LIWSA-ML_100gen,1,100,42,16,8425074.4570
Inspiral_100,NSGA-II_100gen,1,100,16,26,9008852.7282
Inspiral_100,LIWSA-ML_100gen,2,100,48,13,8632401.1632
Inspiral_100,NSGA-II_100gen,2,100,18,30,9247542.7767
Inspiral_100,LIWSA-ML_100gen,3,100,47,20,8433434.4912
Inspiral_100,NSGA-II_100gen,3,100,16,30,8516904.2705
Inspiral_100,LIWSA-ML_100gen,4,100,56,20,8821698.0349
Inspiral_100,NSGA-II_100gen,4,100,19,18,8761778.0205
Inspiral_100,LIWSA-ML_100gen,5,100,45,19,8413517.4208
Inspiral_100,NSGA-II_100gen,5,100,16,20,8950226.1124
Inspiral_100,NSGA-II_matchedTime,1,250,47,30,9820114.0566
Inspiral_100,NSGA-II_matchedTime,2,250,56,30,9538748.6243
Inspiral_100,NSGA-II_matchedTime,3,250,53,30,9310416.3101
Inspiral_100,NSGA-II_matchedTime,4,250,67,30,9608069.8652
Inspiral_100,NSGA-II_matchedTime,5,250,65,30,9513751.0901
Montage_1000,LIWSA-ML_100gen,1,100,695,30,1741234.6272
Montage_1000,NSGA-II_100gen,1,100,266,30,1320818.7050
Montage_1000,LIWSA-ML_100gen,2,100,771,30,1737217.9423
Montage_1000,NSGA-II_100gen,2,100,327,30,1350129.8583
Montage_1000,LIWSA-ML_100gen,3,100,805,30,1735954.7860
Montage_1000,NSGA-II_100gen,3,100,256,30,1352993.2298
Montage_1000,LIWSA-ML_100gen,4,100,670,30,1734379.7438
Montage_1000,NSGA-II_100gen,4,100,261,30,1371522.8821
Montage_1000,LIWSA-ML_100gen,5,100,886,30,1737182.4564
Montage_1000,NSGA-II_100gen,5,100,251,30,1347257.8668
Montage_1000,NSGA-II_matchedTime,1,298,786,30,1347729.1771
Montage_1000,NSGA-II_matchedTime,2,298,796,30,1384006.9081
Montage_1000,NSGA-II_matchedTime,3,298,767,30,1375568.3905
Montage_1000,NSGA-II_matchedTime,4,298,816,30,1398227.6369
Montage_1000,NSGA-II_matchedTime,5,298,750,30,1376597.1861
CyberShake_1000,LIWSA-ML_100gen,1,100,774,30,7867773.8155
CyberShake_1000,NSGA-II_100gen,1,100,278,30,5778934.6654
CyberShake_1000,LIWSA-ML_100gen,2,100,723,25,8076582.4981
CyberShake_1000,NSGA-II_100gen,2,100,283,30,6240886.0584
CyberShake_1000,LIWSA-ML_100gen,3,100,910,30,7741420.3265
CyberShake_1000,NSGA-II_100gen,3,100,269,30,5995721.6726
CyberShake_1000,LIWSA-ML_100gen,4,100,723,28,7736246.5536
CyberShake_1000,NSGA-II_100gen,4,100,301,30,5754462.0875
CyberShake_1000,LIWSA-ML_100gen,5,100,713,30,7744339.5230
CyberShake_1000,NSGA-II_100gen,5,100,291,30,6070643.8618
CyberShake_1000,NSGA-II_matchedTime,1,270,713,30,5874186.2317
CyberShake_1000,NSGA-II_matchedTime,2,270,761,30,6372020.6888
CyberShake_1000,NSGA-II_matchedTime,3,270,746,30,6103585.8485
CyberShake_1000,NSGA-II_matchedTime,4,270,738,30,5887481.4832
CyberShake_1000,NSGA-II_matchedTime,5,270,797,30,6160726.1804
Sipht_1000,LIWSA-ML_100gen,1,100,621,30,680786527.6026
Sipht_1000,NSGA-II_100gen,1,100,286,30,582305293.5131
Sipht_1000,LIWSA-ML_100gen,2,100,685,30,675336060.3136
Sipht_1000,NSGA-II_100gen,2,100,318,30,551157929.5825
Sipht_1000,LIWSA-ML_100gen,3,100,700,28,650393236.8068
Sipht_1000,NSGA-II_100gen,3,100,307,30,550164515.2770
Sipht_1000,LIWSA-ML_100gen,4,100,657,28,681268217.1564
Sipht_1000,NSGA-II_100gen,4,100,291,30,569411205.0144
Sipht_1000,LIWSA-ML_100gen,5,100,651,27,675175078.0457
Sipht_1000,NSGA-II_100gen,5,100,293,30,552601709.9402
Sipht_1000,NSGA-II_matchedTime,1,183,483,30,589550640.5577
Sipht_1000,NSGA-II_matchedTime,2,183,617,30,553722055.8940
Sipht_1000,NSGA-II_matchedTime,3,183,602,30,553222656.8815
Sipht_1000,NSGA-II_matchedTime,4,183,684,30,571364363.3523
Sipht_1000,NSGA-II_matchedTime,5,183,763,30,567596651.8644
Inspiral_1000,LIWSA-ML_100gen,1,100,946,16,1589494090.2818
Inspiral_1000,NSGA-II_100gen,1,100,305,12,1169941702.5229
Inspiral_1000,LIWSA-ML_100gen,2,100,833,12,1571480466.1346
Inspiral_1000,NSGA-II_100gen,2,100,275,13,1227032302.2155
Inspiral_1000,LIWSA-ML_100gen,3,100,613,22,1546531921.3235
Inspiral_1000,NSGA-II_100gen,3,100,223,6,1239785712.8403
Inspiral_1000,LIWSA-ML_100gen,4,100,699,10,1931135614.0806
Inspiral_1000,NSGA-II_100gen,4,100,210,5,1171937427.1483
Inspiral_1000,LIWSA-ML_100gen,5,100,746,18,1591976668.4033
Inspiral_1000,NSGA-II_100gen,5,100,262,21,1270514244.4882
Inspiral_1000,NSGA-II_matchedTime,1,336,734,11,1297174934.8978
Inspiral_1000,NSGA-II_matchedTime,2,336,752,28,1375660717.0145
Inspiral_1000,NSGA-II_matchedTime,3,336,797,22,1406105884.0528
Inspiral_1000,NSGA-II_matchedTime,4,336,793,13,1443994198.0599
Inspiral_1000,NSGA-II_matchedTime,5,336,749,23,1364938876.0387
Epigenomics_997,LIWSA-ML_100gen,1,100,750,30,1418886144390.9610
Epigenomics_997,NSGA-II_100gen,1,100,323,30,1125197084110.4420
Epigenomics_997,LIWSA-ML_100gen,2,100,791,30,1425788256781.1865
Epigenomics_997,NSGA-II_100gen,2,100,258,30,1122009618824.4336
Epigenomics_997,LIWSA-ML_100gen,3,100,642,30,1437809821439.0557
Epigenomics_997,NSGA-II_100gen,3,100,276,30,1126173601303.8330
Epigenomics_997,LIWSA-ML_100gen,4,100,669,30,1444465047304.0784
Epigenomics_997,NSGA-II_100gen,4,100,284,30,1109772190481.5970
Epigenomics_997,LIWSA-ML_100gen,5,100,637,30,1423470286387.4954
Epigenomics_997,NSGA-II_100gen,5,100,263,30,1119201659847.1274
Epigenomics_997,NSGA-II_matchedTime,1,255,688,30,1155939770866.6929
Epigenomics_997,NSGA-II_matchedTime,2,255,873,30,1150596437577.0276
Epigenomics_997,NSGA-II_matchedTime,3,255,1152,30,1152119067090.0130
Epigenomics_997,NSGA-II_matchedTime,4,255,807,30,1132509155847.6636
Epigenomics_997,NSGA-II_matchedTime,5,255,779,30,1148017955241.8406
