workflow,scheme,algorithm,seed,hypervolume
Montage_50,Original,HEFT,0,1540.2096
Montage_50,Original,NSGA-II,1,3623.2719
Montage_50,Original,LIWSA-ML,1,3671.3151
Montage_50,Original,NSGA-II,2,4189.1907
Montage_50,Original,LIWSA-ML,2,3406.0063
Montage_50,Original,NSGA-II,3,3351.3567
Montage_50,Original,LIWSA-ML,3,3494.1129
Montage_50,Original,NSGA-II,4,3458.6572
Montage_50,Original,LIWSA-ML,4,3550.4740
Montage_50,Original,NSGA-II,5,3489.7997
Montage_50,Original,LIWSA-ML,5,3458.8850
Montage_50,Linear,HEFT,0,874.8574
Montage_50,Linear,NSGA-II,1,1906.6904
Montage_50,Linear,LIWSA-ML,1,1903.9359
Montage_50,Linear,NSGA-II,2,1903.9359
Montage_50,Linear,LIWSA-ML,2,1904.0552
Montage_50,Linear,NSGA-II,3,1905.9752
Montage_50,Linear,LIWSA-ML,3,1918.5809
Montage_50,Linear,NSGA-II,4,1908.6104
Montage_50,Linear,LIWSA-ML,4,1903.9359
Montage_50,Linear,NSGA-II,5,1908.6104
Montage_50,Linear,LIWSA-ML,5,1995.7242
Montage_50,Speed-premium,HEFT,0,77256.0626
Montage_50,Speed-premium,NSGA-II,1,180747.8223
Montage_50,Speed-premium,LIWSA-ML,1,180370.7749
Montage_50,Speed-premium,NSGA-II,2,183853.1994
Montage_50,Speed-premium,LIWSA-ML,2,187192.5494
Montage_50,Speed-premium,NSGA-II,3,184969.9160
Montage_50,Speed-premium,LIWSA-ML,3,181733.4728
Montage_50,Speed-premium,NSGA-II,4,186644.2545
Montage_50,Speed-premium,LIWSA-ML,4,184592.5136
Montage_50,Speed-premium,NSGA-II,5,178823.6727
Montage_50,Speed-premium,LIWSA-ML,5,186275.0734
CyberShake_50,Original,HEFT,0,27008.9105
CyberShake_50,Original,NSGA-II,1,431872.7676
CyberShake_50,Original,LIWSA-ML,1,432713.3170
CyberShake_50,Original,NSGA-II,2,431833.2823
CyberShake_50,Original,LIWSA-ML,2,432870.5197
CyberShake_50,Original,NSGA-II,3,430274.1861
CyberShake_50,Original,LIWSA-ML,3,432680.9218
CyberShake_50,Original,NSGA-II,4,431919.1332
CyberShake_50,Original,LIWSA-ML,4,445328.1829
CyberShake_50,Original,NSGA-II,5,430254.6744
CyberShake_50,Original,LIWSA-ML,5,431951.3167
CyberShake_50,Linear,HEFT,0,34733.2470
CyberShake_50,Linear,NSGA-II,1,546609.9850
CyberShake_50,Linear,LIWSA-ML,1,546609.9850
CyberShake_50,Linear,NSGA-II,2,546609.9850
CyberShake_50,Linear,LIWSA-ML,2,546609.9850
CyberShake_50,Linear,NSGA-II,3,546609.9850
CyberShake_50,Linear,LIWSA-ML,3,546609.9850
CyberShake_50,Linear,NSGA-II,4,546609.9850
CyberShake_50,Linear,LIWSA-ML,4,546609.9850
CyberShake_50,Linear,NSGA-II,5,546609.9850
CyberShake_50,Linear,LIWSA-ML,5,546609.9850
CyberShake_50,Speed-premium,HEFT,0,1711900.0814
CyberShake_50,Speed-premium,NSGA-II,1,8528411.3429
CyberShake_50,Speed-premium,LIWSA-ML,1,8495612.7428
CyberShake_50,Speed-premium,NSGA-II,2,8541420.1766
CyberShake_50,Speed-premium,LIWSA-ML,2,8523573.2938
CyberShake_50,Speed-premium,NSGA-II,3,8501819.1165
CyberShake_50,Speed-premium,LIWSA-ML,3,8525049.0672
CyberShake_50,Speed-premium,NSGA-II,4,8501621.8424
CyberShake_50,Speed-premium,LIWSA-ML,4,8539714.1059
CyberShake_50,Speed-premium,NSGA-II,5,8477159.5961
CyberShake_50,Speed-premium,LIWSA-ML,5,8539897.8832
Sipht_30,Original,HEFT,0,220815.8684
Sipht_30,Original,NSGA-II,1,224488.9783
Sipht_30,Original,LIWSA-ML,1,224488.9534
Sipht_30,Original,NSGA-II,2,224488.9783
Sipht_30,Original,LIWSA-ML,2,224488.8259
Sipht_30,Original,NSGA-II,3,224488.9783
Sipht_30,Original,LIWSA-ML,3,224488.7923
Sipht_30,Original,NSGA-II,4,224488.9495
Sipht_30,Original,LIWSA-ML,4,224488.8876
Sipht_30,Original,NSGA-II,5,224488.9783
Sipht_30,Original,LIWSA-ML,5,224488.9495
Sipht_30,Linear,HEFT,0,294048.1669
Sipht_30,Linear,NSGA-II,1,297067.8475
Sipht_30,Linear,LIWSA-ML,1,297067.8475
Sipht_30,Linear,NSGA-II,2,297067.8475
Sipht_30,Linear,LIWSA-ML,2,297067.8475
Sipht_30,Linear,NSGA-II,3,297067.8475
Sipht_30,Linear,LIWSA-ML,3,297067.8475
Sipht_30,Linear,NSGA-II,4,297067.8475
Sipht_30,Linear,LIWSA-ML,4,297067.8475
Sipht_30,Linear,NSGA-II,5,297067.8475
Sipht_30,Linear,LIWSA-ML,5,297067.8475
Sipht_30,Speed-premium,HEFT,0,21513124.5079
Sipht_30,Speed-premium,NSGA-II,1,54657740.4880
Sipht_30,Speed-premium,LIWSA-ML,1,54667497.0365
Sipht_30,Speed-premium,NSGA-II,2,54687664.5036
Sipht_30,Speed-premium,LIWSA-ML,2,54705005.5140
Sipht_30,Speed-premium,NSGA-II,3,54665123.9873
Sipht_30,Speed-premium,LIWSA-ML,3,54604957.0574
Sipht_30,Speed-premium,NSGA-II,4,54674658.6377
Sipht_30,Speed-premium,LIWSA-ML,4,54606893.1896
Sipht_30,Speed-premium,NSGA-II,5,54518595.3229
Sipht_30,Speed-premium,LIWSA-ML,5,54619225.1733
